<?xml version="1.0" encoding="UTF-8"?>
<beans xmlns="http://www.springframework.org/schema/beans"
	xmlns:xsi="http://www.w3.org/2001/XMLSchema-instance"
	xsi:schemaLocation="http://www.springframework.org/schema/beans
https://www.springframework.org/schema/beans/spring-beans.xsd">

	<bean id="it" class="com.cognizant.springlearn.empoyee.Department">
		<property name="deptid" value="100" />
		<property name="name" value="IT" />
	</bean>

	<bean id="hr" class="com.cognizant.springlearn.empoyee.Department">
		<property name="deptid" value="101" />
		<property name="name" value="HR" />
	</bean>

	<bean id="skill1" class="com.cognizant.springlearn.empoyee.Skill"
		scope="prototype">
		<property name="skillId" value="1" />
		<property name="skillName" value="Java" />
	</bean>
	
	<bean id="skill2" class="com.cognizant.springlearn.empoyee.Skill">
		<property name="skillId" value="2" />
		<property name="skillName" value="Spring" />
	</bean>
	
	<bean id="dateFormat" class="java.text.SimpleDateFormat">
		<constructor-arg value="dd/MM/yyyy" />
	</bean>
	
	<bean id="employee1" class="com.cognizant.springlearn.empoyee.Employee">
		<property name="empid" value="100" />
		<property name="name" value="ss" />
		<property name="salary" value="10000" />
		<property name="permanent" value="true" />
		<property name="dateOfBirth">
		     <bean factory-bean="dateFormat" factory-method="parse" >
		          <constructor-arg value="24/09/1997" />
		     </bean>
		</property>
		<property name="department" ref="it" />
		<property name="skills">
		       <set>
		          <ref bean="skill1" />
		          <ref bean="skill2" />
		       </set>
		</property>
	</bean>
	
	<bean id="employee2" class="com.cognizant.springlearn.empoyee.Employee">
		<property name="empid" value="101" />
		<property name="name" value="nawaz" />
		<property name="salary" value="10000" />
		<property name="permanent" value="true" />
		<property name="dateOfBirth">
		     <bean factory-bean="dateFormat" factory-method="parse" >
		          <constructor-arg value="10/06/1998" />
		     </bean>
		</property>
		<property name="department" ref="it" />
		<property name="skills">
		       <set>
		          <ref bean="skill1" />
		          <ref bean="skill2" />
		       </set>
		</property>
	</bean>
	
	<bean id="employee3" class="com.cognizant.springlearn.empoyee.Employee">
		<property name="empid" value="102" />
		<property name="name" value="dubey" />
		<property name="salary" value="10000" />
		<property name="permanent" value="true" />
		<property name="dateOfBirth">
		     <bean factory-bean="dateFormat" factory-method="parse" >
		          <constructor-arg value="12/03/1998" />
		     </bean>
		</property>
		<property name="department" ref="hr" />
		<property name="skills">
		       <set>
		          <ref bean="skill1" />
		          <ref bean="skill2" />
		       </set>
		</property>
	</bean>
	
	<bean id="employee4" class="com.cognizant.springlearn.empoyee.Employee">
		<property name="empid" value="103" />
		<property name="name" value="sougata" />
		<property name="salary" value="10000" />
		<property name="permanent" value="true" />
		<property name="dateOfBirth">
		     <bean factory-bean="dateFormat" factory-method="parse" >
		          <constructor-arg value="06/10/2003" />
		     </bean>
		</property>
		<property name="department" ref="it" />
		<property name="skills">
		       <set>
		          <ref bean="skill1" />
		          <ref bean="skill2" />
		       </set>
		</property>
	</bean>
	
	<bean name="employeeList" class="java.util.ArrayList">
	    <constructor-arg>
		    <list>
		        <ref bean="employee1" />
		        <ref bean="employee2" />
		        <ref bean="employee3" />
		        <ref bean="employee4" />
		    </list>
	    </constructor-arg>
	</bean>
	
	<bean name="departmentList" class="java.util.ArrayList">
	    <constructor-arg>
		    <list>
		        <ref bean="it" />
		        <ref bean="hr" />
		    </list>
	    </constructor-arg>
	</bean>

</beans>